sweep,ranks,global_nx,ny,nz,ghost_depth,repetitions,median_exchange_us,bytes_per_exchange,bandwidth_GBps
ranks,1,1024,64,64,2,20,101.231000,131072,1.295
size,1,256,8,8,2,20,1.473000,2048,1.390
size,1,256,16,16,2,20,5.881000,8192,1.393
size,1,256,32,32,2,20,24.356000,32768,1.345
size,1,256,64,64,2,20,100.879000,131072,1.299
size,1,256,128,128,2,20,428.596000,524288,1.223
ghost_depth,1,256,64,64,2,20,100.789000,131072,1.300
ghost_depth,1,256,64,64,4,20,202.230000,262144,1.296
ghost_depth,1,256,64,64,8,20,408.548000,524288,1.283
ranks,2,1024,64,64,2,20,162.215000,131072,0.808
size,2,256,8,8,2,20,1.894000,2048,1.081
size,2,256,16,16,2,20,6.452000,8192,1.270
size,2,256,32,32,2,20,25.779000,32768,1.271
size,2,256,64,64,2,20,113.262000,131072,1.157
size,2,256,128,128,2,20,449.625000,524288,1.166
ghost_depth,2,256,64,64,2,20,118.182000,131072,1.109
ghost_depth,2,256,64,64,4,20,225.794000,262144,1.161
ghost_depth,2,256,64,64,8,20,436.410000,524288,1.201
ranks,4,1024,64,64,2,20,175.029000,131072,0.749
size,4,256,8,8,2,20,4.398000,2048,0.466
size,4,256,16,16,2,20,10.490000,8192,0.781
size,4,256,32,32,2,20,35.597000,32768,0.921
size,4,256,64,64,2,20,138.731000,131072,0.945
size,4,256,128,128,2,20,494.078000,524288,1.061
ghost_depth,4,256,64,64,2,20,130.485000,131072,1.004
ghost_depth,4,256,64,64,4,20,261.061000,262144,1.004
ghost_depth,4,256,64,64,8,20,471.576000,524288,1.112
ranks,8,1024,64,64,2,20,180.779000,131072,0.725
size,8,256,8,8,2,20,4.578000,2048,0.447
size,8,256,16,16,2,20,10.851000,8192,0.755
size,8,256,32,32,2,20,38.132000,32768,0.859
size,8,256,64,64,2,20,141.726000,131072,0.925
size,8,256,128,128,2,20,586.122000,524288,0.895
ghost_depth,8,256,64,64,2,20,130.616000,131072,1.003
ghost_depth,8,256,64,64,4,20,261.471000,262144,1.003
ghost_depth,8,256,64,64,8,20,555.034000,524288,0.945
