x,u_numerical,u_exact
0.0125,-1,-1
0.0375,-1,-1
0.0625,-1,-1
0.0875,-1,-1
0.1125,-1,-1
0.1375,-1,-1
0.1625,-1,-1
0.1875,-1,-1
0.2125,-1,-1
0.2375,-1,-1
0.2625,-1,-1
0.2875,-1,-1
0.3125,-1,-1
0.3375,-1,-1
0.3625,-1,-1
0.3875,-1,-1
0.4125,-1,-1
0.4375,-1,-1
0.4625,-1,-1
0.4875,-1,-1
0.5125,-1,-1
0.5375,-1,-1
0.5625,-1,-1
0.5875,-1,-1
0.6125,-1,-1
0.6375,-1,-1
0.6625,-1,-1
0.6875,-1,-1
0.7125,-1,-1
0.7375,-1,-1
0.7625,-1,-1
0.7875,-1,-1
0.8125,-1,-1
0.8375,-1,-1
0.8625,-1,-1
0.8875,-1,-1
0.9125,-1,-1
0.9375,-1,-1
0.9625,-1,-1
0.9875,-1,-1
1.0125,-1,-1
1.0375,-1,-1
1.0625,-1,-1
1.0875,-1,-1
1.1125,-1,-1
1.1375,-1,-1
1.1625,-1,-1
1.1875,-1,-1
1.2125,-1,-1
1.2375,-1,-1
1.2625,-1,-1
1.2875,-1,-1
1.3125,-1,-1
1.3375,-1,-1
1.3625,-1,-1
1.3875,-1,-1
1.4125,-1,-1
1.4375,-1,-1
1.4625,-1,-1
1.4875,-1,-1
1.5125,-1,-1
1.5375,-1,-1
1.5625,-1,-1
1.5875,-1,-1
1.6125,-1,-1
1.6375,-1,-1
1.6625,-1,-1
1.6875,-1,-1
1.7125,-1,-1
1.7375,-1,-1
1.7625,-1,-1
1.7875,-1,-1
1.8125,-1,-1
1.8375,-1,-1
1.8625,-1,-1
1.8875,-1,-1
1.9125,-1,-1
1.9375,-1,-1
1.9625,-1,-1
1.9875,-1,-1
2.0125,-1,-1
2.0375,-1,-1
2.0625,-1,-1
2.0875,-1,-1
2.1125,-1,-1
2.1375,-1,-1
2.1625,-1,-1
2.1875,-1,-1
2.2125,-1,-1
2.2375,-1,-1
2.2625,-1,-1
2.2875,-1,-1
2.3125,-1,-1
2.3375,-1,-1
2.3625,-1,-1
2.3875,-1,-1
2.4125,-1,-1
2.4375,-1,-1
2.4625,-1,-1
2.4875,-1,-1
2.5125,-1,-1
2.5375,-1,-1
2.5625,-1,-1
2.5875,-1,-1
2.6125,-1,-1
2.6375,-1,-1
2.6625,-1,-1
2.6875,-1,-1
2.7125,-1,-1
2.7375,-1,-1
2.7625,-1,-1
2.7875,-1,-1
2.8125,-1,-1
2.8375,-1,-1
2.8625,-1,-1
2.8875,-1,-1
2.9125,-1,-1
2.9375,-1,-1
2.9625,-1,-1
2.9875,-1,-1
3.0125,-1,-1
3.0375,-1,-1
3.0625,-1,-1
3.0875,-1,-1
3.1125,-1,-1
3.1375,-1,-1
3.1625,-1,-1
3.1875,-1,-1
3.2125,-1,-1
3.2375,-1,-1
3.2625,-1,-1
3.2875,-1,-1
3.3125,-1,-1
3.3375,-1,-1
3.3625,-1,-1
3.3875,-1,-1
3.4125,-1,-1
3.4375,-1,-1
3.4625,-1,-1
3.4875,-1,-1
3.5125,-1,-1
3.5375,-1,-1
3.5625,-1,-1
3.5875,-0.999999,-1
3.6125,-0.999998,-1
3.6375,-0.999996,-1
3.6625,-0.999989,-1
3.6875,-0.999975,-1
3.7125,-0.999942,-1
3.7375,-0.999871,-1
3.7625,-0.999724,-1
3.7875,-0.999431,-1
3.8125,-0.998872,-1
3.8375,-0.99786,-1
3.8625,-0.996116,-1
3.8875,-0.99327,-1
3.9125,-0.988881,-1
3.9375,-0.982498,-1
3.9625,-0.973743,-1
3.9875,-0.962401,-1
4.0125,-0.948469,-0.9875
4.0375,-0.932155,-0.9625
4.0625,-0.913814,-0.9375
4.0875,-0.893861,-0.9125
4.1125,-0.872694,-0.8875
4.1375,-0.850645,-0.8625
4.1625,-0.82797,-0.8375
4.1875,-0.804846,-0.8125
4.2125,-0.781397,-0.7875
4.2375,-0.757706,-0.7625
4.2625,-0.73383,-0.7375
4.2875,-0.709806,-0.7125
4.3125,-0.685664,-0.6875
4.3375,-0.661423,-0.6625
4.3625,-0.6371,-0.6375
4.3875,-0.612705,-0.6125
4.4125,-0.588248,-0.5875
4.4375,-0.563737,-0.5625
4.4625,-0.539177,-0.5375
4.4875,-0.514574,-0.5125
4.5125,-0.48993,-0.4875
4.5375,-0.46525,-0.4625
4.5625,-0.440535,-0.4375
4.5875,-0.415788,-0.4125
4.6125,-0.391011,-0.3875
4.6375,-0.366203,-0.3625
4.6625,-0.341367,-0.3375
4.6875,-0.316503,-0.3125
4.7125,-0.29161,-0.2875
4.7375,-0.266689,-0.2625
4.7625,-0.241738,-0.2375
4.7875,-0.216756,-0.2125
4.8125,-0.191741,-0.1875
4.8375,-0.166691,-0.1625
4.8625,-0.1416,-0.1375
4.8875,-0.116463,-0.1125
4.9125,-0.0912667,-0.0875
4.9375,-0.0659933,-0.0625
4.9625,-0.0406004,-0.0375
4.9875,-0.0149543,-0.0125
5.0125,0.0149543,0.0125
5.0375,0.0406004,0.0375
5.0625,0.0659933,0.0625
5.0875,0.0912667,0.0875
5.1125,0.116463,0.1125
5.1375,0.1416,0.1375
5.1625,0.166691,0.1625
5.1875,0.191741,0.1875
5.2125,0.216756,0.2125
5.2375,0.241738,0.2375
5.2625,0.266689,0.2625
5.2875,0.29161,0.2875
5.3125,0.316503,0.3125
5.3375,0.341367,0.3375
5.3625,0.366203,0.3625
5.3875,0.391011,0.3875
5.4125,0.415788,0.4125
5.4375,0.440535,0.4375
5.4625,0.46525,0.4625
5.4875,0.48993,0.4875
5.5125,0.514574,0.5125
5.5375,0.539177,0.5375
5.5625,0.563737,0.5625
5.5875,0.588248,0.5875
5.6125,0.612705,0.6125
5.6375,0.6371,0.6375
5.6625,0.661423,0.6625
5.6875,0.685664,0.6875
5.7125,0.709806,0.7125
5.7375,0.73383,0.7375
5.7625,0.757706,0.7625
5.7875,0.781397,0.7875
5.8125,0.804846,0.8125
5.8375,0.82797,0.8375
5.8625,0.850645,0.8625
5.8875,0.872694,0.8875
5.9125,0.893861,0.9125
5.9375,0.913814,0.9375
5.9625,0.932155,0.9625
5.9875,0.948469,0.9875
6.0125,0.962401,1
6.0375,0.973743,1
6.0625,0.982498,1
6.0875,0.988881,1
6.1125,0.99327,1
6.1375,0.996116,1
6.1625,0.99786,1
6.1875,0.998872,1
6.2125,0.999431,1
6.2375,0.999724,1
6.2625,0.999871,1
6.2875,0.999942,1
6.3125,0.999975,1
6.3375,0.999989,1
6.3625,0.999996,1
6.3875,0.999998,1
6.4125,0.999999,1
6.4375,1,1
6.4625,1,1
6.4875,1,1
6.5125,1,1
6.5375,1,1
6.5625,1,1
6.5875,1,1
6.6125,1,1
6.6375,1,1
6.6625,1,1
6.6875,1,1
6.7125,1,1
6.7375,1,1
6.7625,1,1
6.7875,1,1
6.8125,1,1
6.8375,1,1
6.8625,1,1
6.8875,1,1
6.9125,1,1
6.9375,1,1
6.9625,1,1
6.9875,1,1
7.0125,1,1
7.0375,1,1
7.0625,1,1
7.0875,1,1
7.1125,1,1
7.1375,1,1
7.1625,1,1
7.1875,1,1
7.2125,1,1
7.2375,1,1
7.2625,1,1
7.2875,1,1
7.3125,1,1
7.3375,1,1
7.3625,1,1
7.3875,1,1
7.4125,1,1
7.4375,1,1
7.4625,1,1
7.4875,1,1
7.5125,1,1
7.5375,1,1
7.5625,1,1
7.5875,1,1
7.6125,1,1
7.6375,1,1
7.6625,1,1
7.6875,1,1
7.7125,1,1
7.7375,1,1
7.7625,1,1
7.7875,1,1
7.8125,1,1
7.8375,1,1
7.8625,1,1
7.8875,1,1
7.9125,1,1
7.9375,1,1
7.9625,1,1
7.9875,1,1
8.0125,1,1
8.0375,1,1
8.0625,1,1
8.0875,1,1
8.1125,1,1
8.1375,1,1
8.1625,1,1
8.1875,1,1
8.2125,1,1
8.2375,1,1
8.2625,1,1
8.2875,1,1
8.3125,1,1
8.3375,1,1
8.3625,1,1
8.3875,1,1
8.4125,1,1
8.4375,1,1
8.4625,1,1
8.4875,1,1
8.5125,1,1
8.5375,1,1
8.5625,1,1
8.5875,1,1
8.6125,1,1
8.6375,1,1
8.6625,1,1
8.6875,1,1
8.7125,1,1
8.7375,1,1
8.7625,1,1
8.7875,1,1
8.8125,1,1
8.8375,1,1
8.8625,1,1
8.8875,1,1
8.9125,1,1
8.9375,1,1
8.9625,1,1
8.9875,1,1
9.0125,1,1
9.0375,1,1
9.0625,1,1
9.0875,1,1
9.1125,1,1
9.1375,1,1
9.1625,1,1
9.1875,1,1
9.2125,1,1
9.2375,1,1
9.2625,1,1
9.2875,1,1
9.3125,1,1
9.3375,1,1
9.3625,1,1
9.3875,1,1
9.4125,1,1
9.4375,1,1
9.4625,1,1
9.4875,1,1
9.5125,1,1
9.5375,1,1
9.5625,1,1
9.5875,1,1
9.6125,1,1
9.6375,1,1
9.6625,1,1
9.6875,1,1
9.7125,1,1
9.7375,1,1
9.7625,1,1
9.7875,1,1
9.8125,1,1
9.8375,1,1
9.8625,1,1
9.8875,1,1
9.9125,1,1
9.9375,1,1
9.9625,1,1
9.9875,1,1
