case,grid,reconstruction,time,l1_error,shock_position_exact,shock_position_numerical,overshoot,undershoot,domain_mean
shock,100,first_order,0,0,0.25,0.25,0,0,0.25
shock,100,first_order,0.25,0.00505186,0.375,0.376363,0,0,0.375
shock,100,first_order,0.5,0.00870777,0.5,0.501058,0,0,0.5
shock,100,first_order,1,0.00870927,0.75,0.751059,0,0,0.75
shock,100,second_order_limited,0,0,0.25,0.25,0,0,0.25
shock,100,second_order_limited,0.25,0.00168184,0.375,0.375902,0,0,0.375
shock,100,second_order_limited,0.5,0.00466332,0.5,0.50021,0,0,0.5
shock,100,second_order_limited,1,0.00466552,0.75,0.750211,0,0,0.75
shock,200,first_order,0,0,0.25,0.25,0,0,0.25
shock,200,first_order,0.25,0.0043546,0.375,0.375529,0,0,0.375
shock,200,first_order,0.5,0.00435464,0.5,0.500529,0,0,0.5
shock,200,first_order,1,0.00435464,0.75,0.750529,0,0,0.75
shock,200,second_order_limited,0,0,0.25,0.25,0,0,0.25
shock,200,second_order_limited,0.25,0.00233276,0.375,0.375105,0,0,0.375
shock,200,second_order_limited,0.5,0.00233276,0.5,0.500105,0,0,0.5
shock,200,second_order_limited,1,0.00233276,0.75,0.750105,0,0,0.75
shock,400,first_order,0,0,0.25,0.25,0,0,0.25
shock,400,first_order,0.25,0.00217732,0.375,0.375265,0,0,0.375
shock,400,first_order,0.5,0.00217732,0.5,0.500265,0,0,0.5
shock,400,first_order,1,0.00217732,0.75,0.750265,0,0,0.75
shock,400,second_order_limited,0,0,0.25,0.25,0,0,0.25
shock,400,second_order_limited,0.25,0.00116638,0.375,0.375053,0,0,0.375
shock,400,second_order_limited,0.5,0.00116638,0.5,0.500053,0,0,0.5
shock,400,second_order_limited,1,0.00116638,0.75,0.750053,0,0,0.75
steepening,400,second_order_limited,0,1.44607e-16,nan,nan,0,0,1
steepening,400,second_order_limited,0.15,5.56834e-05,nan,nan,0,0,1
steepening,400,second_order_limited,0.3,0.000412049,nan,nan,0,0,1
steepening,400,second_order_limited,0.4,nan,nan,nan,0,0,1
steepening,400,second_order_limited,0.6,nan,nan,nan,0,0,1
rarefaction,400,second_order_limited,0,0,nan,nan,0,0,2.04697e-15
rarefaction,400,second_order_limited,1,0.0181092,nan,nan,0,0,3.37924e-15
rarefaction,400,second_order_limited,2,0.0181359,nan,nan,0,0,9.36751e-16
