grid,reconstruction,time,l1_error,shock_position_exact,shock_position_numerical,overshoot,undershoot,domain_mean
100,first_order,0,0,0.25,0.25,0,0,0.125
100,first_order,0.25,0.00470907,0.375,0.375913,0,0,0.28294
100,first_order,0.5,0.00684099,0.5,0.500085,0,0,0.503273
100,second_order_limited,0,0,0.25,0.25,0,0,0.125
100,second_order_limited,0.25,0.00246357,0.375,0.375841,0,0,0.282792
100,second_order_limited,0.5,0.00402234,0.5,0.499787,0,0,0.503008
200,first_order,0,0,0.25,0.25,0,0,0.125
200,first_order,0.25,0.00232185,0.375,0.375043,0,0,0.282025
200,first_order,0.5,0.00336436,0.5,0.500043,0,0,0.501519
200,second_order_limited,0,0,0.25,0.25,0,0,0.125
200,second_order_limited,0.25,0.00117578,0.375,0.374893,0,0,0.281953
200,second_order_limited,0.5,0.00191133,0.5,0.499893,0,0,0.501382
400,first_order,0,0,0.25,0.25,0,0,0.125
400,first_order,0.25,0.00116315,0.375,0.375021,0,0,0.281635
400,first_order,0.5,0.00169995,0.5,0.500021,0,0,0.500776
400,second_order_limited,0,0,0.25,0.25,0,0,0.125
400,second_order_limited,0.25,0.000587324,0.375,0.374947,0,0,0.2816
400,second_order_limited,0.5,0.000971857,0.5,0.499947,0,0,0.500707
